{
  "means": [
    0.05599997565150261,
    0.09999999403953552,
    1.0,
    1.0,
    0.0,
    0.0,
    1.0,
    1.0,
    0.0,
    1.0,
    0.0,
    0.0,
    0.6576001048088074,
    1.0,
    0.003749999450519681,
    0.07500001043081284,
    0.033333342522382736,
    0.0,
    0.0,
    0.0,
    0.0,
    0.5,
    0.5739496350288391,
    0.0,
    0.0,
    0.0,
    0.75,
    0.0,
    0.0,
    0.0,
    0.0,
    0.0,
    0.125,
    0.0,
    1.0,
    1.0,
    0.7666666507720947,
    0.7634167075157166,
    0.4208333194255829,
    0.171875,
    0.125,
    0.3999999761581421,
    0.6000001430511475,
    0.30000007152557373,
    1.0,
    0.23812498152256012,
    1.0,
    0.0
  ],
  "stds": [
    0.003464100416749716,
    1.0,
    1.0,
    1.0,
    1.0,
    1.0,
    1.0,
    1.0,
    1.0,
    1.0,
    1.0,
    1.0,
    0.14437323808670044,
    1.0,
    0.004145781043916941,
    0.025980763137340546,
    1.0,
    1.0,
    1.0,
    1.0,
    1.0,
    1.0,
    0.1281755119562149,
    1.0,
    1.0,
    1.0,
    0.4330126941204071,
    1.0,
    1.0,
    1.0,
    1.0,
    1.0,
    0.33071890473365784,
    1.0,
    1.0,
    1.0,
    0.3636237680912018,
    0.03271075338125229,
    0.09991315007209778,
    0.18684782087802887,
    0.33071890473365784,
    2.9802322387695312e-08,
    1.1920928955078125e-07,
    5.960464477539063e-08,
    1.0,
    0.12819917500019073,
    1.0,
    1.0
  ]
}