{
  "means": [
    0.4929642975330353,
    0.50046706199646,
    0.5004996061325073,
    0.49926668405532837,
    0.5013275146484375,
    0.5028369426727295,
    0.5012909173965454,
    0.5018168687820435,
    0.49901288747787476,
    0.4989558160305023,
    0.4980529546737671,
    0.5047493577003479,
    0.5034635663032532,
    0.5006442070007324,
    0.501474916934967,
    0.49649113416671753,
    0.5024198293685913,
    0.5019834041595459,
    0.49697527289390564,
    0.4977929890155792,
    0.5045264363288879,
    0.5023530125617981,
    0.5041934251785278,
    0.5025439262390137,
    0.4989278018474579,
    0.5013610124588013,
    0.49891960620880127,
    0.49924352765083313,
    0.5014510750770569,
    0.503233015537262,
    0.4992924630641937,
    0.5015326738357544,
    0.36102494597435,
    0.3614845871925354,
    0.3603445589542389,
    0.36394813656806946,
    0.3622097373008728,
    0.3575925827026367,
    0.3592182993888855,
    0.36277201771736145,
    0.3607739210128784,
    0.360763281583786,
    0.35771071910858154,
    0.36290818452835083,
    0.3624347448348999,
    0.3580551743507385,
    0.3585672378540039,
    0.36362212896347046
  ],
  "stds": [
    0.2868107259273529,
    0.28910601139068604,
    0.2866138815879822,
    0.2869836390018463,
    0.28880730271339417,
    0.2886572480201721,
    0.2888704538345337,
    0.2893279492855072,
    0.28682416677474976,
    0.288135290145874,
    0.2905808687210083,
    0.28895071148872375,
    0.2876410484313965,
    0.28917402029037476,
    0.28851157426834106,
    0.28895267844200134,
    0.28664010763168335,
    0.2875741422176361,
    0.2902299463748932,
    0.28753989934921265,
    0.2871648371219635,
    0.2886183261871338,
    0.2861698269844055,
    0.2891671657562256,
    0.28954365849494934,
    0.28975656628608704,
    0.28726720809936523,
    0.2893458604812622,
    0.28913938999176025,
    0.28791290521621704,
    0.28813788294792175,
    0.2869192063808441,
    0.29210320115089417,
    0.29025858640670776,
    0.2907387316226959,
    0.29196903109550476,
    0.2905777394771576,
    0.2915860414505005,
    0.29159653186798096,
    0.2895009517669678,
    0.2925907373428345,
    0.2898893356323242,
    0.2928702235221863,
    0.28963735699653625,
    0.2911243736743927,
    0.29057204723358154,
    0.289080411195755,
    0.2917007803916931
  ]
}